Rk,Year,Date,G#,Week,Age,Tm,,Opp,Result,GS,Cmp,Att,Cmp%,Yds,TD,Int,Rate,Sk,Yds,Y/A,AY/A,Att,Yds,Y/A,TD,TD,Pts,Sk,Solo,Ast,Comb,TFL,QBHits,Fmb,FL,FF,FR,Yds,TD,Num,Pct,Num,Pct,Num,Pct,Status
1,2015,2015-09-13,1,1,22.092,DET,@,SDG,L 28-33,,7,50,7.14,1,4,4,44,11.00,0,100.0%,11.00,3,105,35.00,0,1,6,0.0,0,0,0,0,0,1,0,0,1,0,0,21,45%,0,0%,7,24%,
2,2015,2015-09-20,2,2,22.099,DET,@,MIN,L 16-26,*,6,9,1.50,0,1,1,9,9.00,0,100.0%,9.00,3,84,28.00,0,0,0,0.0,0,0,0,0,0,0,0,0,0,0,0,31,40%,0,0%,6,25%,
3,2015,2015-09-27,3,3,22.106,DET,,DEN,L 12-24,,8,23,2.88,0,5,2,19,9.50,1,40.0%,3.80,0,0,,0,1,6,0.0,0,0,0,0,0,0,0,0,0,0,0,34,46%,0,0%,5,21%,
4,2015,2015-10-05,4,4,22.114,DET,@,SEA,L 10-13,*,13,33,2.54,0,5,2,11,5.50,0,40.0%,2.20,2,54,27.00,0,0,0,0.0,0,0,0,,,0,0,0,0,0,0,30,54%,0,0%,4,17%,
5,2015,2015-10-11,5,5,22.120,DET,,ARI,L 17-42,,6,16,2.67,0,2,1,9,9.00,0,50.0%,4.50,1,41,41.00,0,0,0,0.0,0,0,0,0,0,2,1,0,0,0,0,15,16%,0,0%,3,10%,
6,2015,2015-10-18,6,6,22.127,DET,,CHI,W 37-34,*,14,48,3.43,0,4,3,21,7.00,0,75.0%,5.25,1,22,22.00,0,0,0,0.0,0,0,0,0,0,1,0,0,1,0,0,35,43%,0,0%,3,8%,
7,2015,2015-10-25,7,7,22.134,DET,,MIN,L 19-28,,8,43,5.38,0,0,0,0,,0,0.0%,,3,79,26.33,0,0,0,0.0,0,0,0,,,0,0,0,0,0,0,12,22%,0,0%,4,13%,
8,2015,2015-11-01,8,8,22.141,DET,@,KAN,L 10-45,,1,3,3.00,0,2,0,0,,0,0.0%,0.00,6,151,25.17,0,0,0,0.0,0,0,0,0,0,0,0,0,0,0,0,5,8%,0,0%,8,27%,
9,2015,2015-11-15,9,10,22.155,DET,@,GNB,W 18-16,,5,15,3.00,0,1,1,7,7.00,0,100.0%,7.00,2,134,67.00,0,0,0,0.0,0,0,0,0,0,0,0,0,0,0,0,12,18%,0,0%,3,9%,
10,2015,2015-11-22,10,11,22.162,DET,,OAK,W 18-13,,12,44,3.67,0,2,1,2,2.00,0,50.0%,1.00,2,54,27.00,0,0,0,0.0,0,0,0,,,0,0,0,0,0,0,25,35%,0,0%,4,15%,
11,2015,2015-11-26,11,12,22.166,DET,,PHI,W 45-14,*,16,63,3.94,0,2,1,12,12.00,0,50.0%,6.00,1,25,25.00,0,0,0,0.0,0,0,0,,,0,0,0,0,0,0,28,39%,0,0%,3,10%,
12,2015,2015-12-03,12,13,22.173,DET,,GNB,L 23-27,*,13,67,5.15,0,1,0,0,,0,0.0%,0.00,2,51,25.50,0,0,0,0.0,0,0,0,,,0,0,0,0,0,0,20,31%,0,0%,4,13%,
13,2015,2015-12-13,13,14,22.183,DET,@,STL,L 14-21,*,7,23,3.29,0,2,2,21,10.50,0,100.0%,10.50,1,21,21.00,0,0,0,0.0,0,0,0,,,0,0,0,0,0,0,19,27%,0,0%,4,16%,
14,2015,2015-12-21,14,15,22.191,DET,@,NOR,W 35-27,*,9,77,8.56,1,2,2,12,6.00,0,100.0%,6.00,4,123,30.75,0,1,6,0.0,0,0,0,,,1,1,0,0,0,0,22,42%,0,0%,5,17%,
15,2015,2015-12-27,15,16,22.197,DET,,SFO,W 32-17,*,8,39,4.88,0,4,4,9,2.25,0,100.0%,2.25,2,69,34.50,0,0,0,0.0,0,0,0,,,0,0,0,0,0,0,20,28%,0,0%,4,14%,
16,2015,2016-01-03,16,17,22.204,DET,@,CHI,W 24-20,*,10,44,4.40,0,1,1,7,7.00,0,100.0%,7.00,4,64,16.00,0,0,0,0.0,0,0,0,,,0,0,0,0,0,0,26,40%,0,0%,5,22%,
17,2016,2016-09-11,1,1,23.090,DET,@,IND,W 39-35,*,12,63,5.25,0,5,5,57,11.40,1,100.0%,11.40,0,0,,0,1,6,0.0,0,0,0,,,0,0,0,0,0,0,40,62%,0,0%,1,3%,
18,2016,2016-09-18,2,2,23.097,DET,,TEN,L 15-16,*,6,38,6.33,0,0,0,0,,0,0.0%,,0,0,,0,0,0,0.0,0,0,0,,,0,0,0,0,0,0,17,22%,0,0%,0,0%,
19,2016,2016-09-25,,3,,DET,@,GNB,L 27-34,Injured Reserve,,,,,,,,,,,,,,,,,,,,,,,,,,,,,,,,,,,,
20,2016,2016-10-02,,4,,DET,@,CHI,L 14-17,Injured Reserve,,,,,,,,,,,,,,,,,,,,,,,,,,,,,,,,,,,,
21,2016,2016-10-09,,5,,DET,,PHI,W 24-23,Injured Reserve,,,,,,,,,,,,,,,,,,,,,,,,,,,,,,,,,,,,
22,2016,2016-10-16,,6,,DET,,LAR,W 31-28,Injured Reserve,,,,,,,,,,,,,,,,,,,,,,,,,,,,,,,,,,,,
23,2016,2016-10-23,,7,,DET,,WAS,W 20-17,Injured Reserve,,,,,,,,,,,,,,,,,,,,,,,,,,,,,,,,,,,,
24,2016,2016-10-30,,8,,DET,@,HOU,L 13-20,Injured Reserve,,,,,,,,,,,,,,,,,,,,,,,,,,,,,,,,,,,,
25,2016,2016-11-06,,9,,DET,@,MIN,W 22-16,Injured Reserve,,,,,,,,,,,,,,,,,,,,,,,,,,,,,,,,,,,,
26,2016,2016-11-20,,11,,DET,,JAX,W 26-19,Injured Reserve,,,,,,,,,,,,,,,,,,,,,,,,,,,,,,,,,,,,
27,2016,2016-11-24,,12,,DET,,MIN,W 16-13,Injured Reserve,,,,,,,,,,,,,,,,,,,,,,,,,,,,,,,,,,,,
28,2016,2016-12-04,,13,,DET,@,NOR,W 28-13,Injured Reserve,,,,,,,,,,,,,,,,,,,,,,,,,,,,,,,,,,,,
29,2016,2016-12-11,,14,,DET,,CHI,W 20-17,Injured Reserve,,,,,,,,,,,,,,,,,,,,,,,,,,,,,,,,,,,,
30,2016,2016-12-18,,15,,DET,@,NYG,L 6-17,Injured Reserve,,,,,,,,,,,,,,,,,,,,,,,,,,,,,,,,,,,,
31,2016,2016-12-26,,16,,DET,@,DAL,L 21-42,Injured Reserve,,,,,,,,,,,,,,,,,,,,,,,,,,,,,,,,,,,,
32,2016,2017-01-01,,17,,DET,,GNB,L 24-31,Injured Reserve,,,,,,,,,,,,,,,,,,,,,,,,,,,,,,,,,,,,
33,2017,2017-09-10,1,1,24.089,DET,,ARI,W 35-23,*,15,30,2.00,0,4,3,11,3.67,0,75.0%,2.75,0,0,,0,0,0,0.0,0,0,0,,,0,0,0,0,0,0,35,49%,0,0%,0,0%,
34,2017,2017-09-18,2,2,24.097,DET,@,NYG,W 24-10,*,17,86,5.06,0,0,0,0,,0,0.0%,,0,0,,0,0,0,0.0,0,0,0,,,0,0,0,0,0,0,29,47%,0,0%,0,0%,
35,2017,2017-09-24,3,3,24.103,DET,,ATL,L 26-30,*,14,47,3.36,0,3,3,39,13.00,0,100.0%,13.00,0,0,,0,0,0,0.0,0,0,0,,,0,0,0,0,0,0,29,41%,0,0%,0,0%,
36,2017,2017-10-01,4,4,24.110,DET,@,MIN,W 14-7,*,20,94,4.70,1,4,3,15,5.00,0,75.0%,3.75,0,0,,0,1,6,0.0,0,0,0,,,0,0,0,0,0,0,33,47%,0,0%,0,0%,
37,2017,2017-10-08,5,5,24.117,DET,,CAR,L 24-27,*,10,31,3.10,0,1,1,3,3.00,0,100.0%,3.00,0,0,,0,0,0,0.0,0,0,0,,,0,0,0,0,0,0,22,36%,0,0%,0,0%,
38,2017,2017-10-15,6,6,24.124,DET,@,NOR,L 38-52,*,14,54,3.86,0,2,0,0,,0,0.0%,0.00,0,0,,0,0,0,0.0,0,0,0,,,0,0,0,0,0,0,37,46%,0,0%,0,0%,
39,2017,2017-10-29,7,8,24.138,DET,,PIT,L 15-20,*,11,27,2.45,0,3,3,11,3.67,0,100.0%,3.67,0,0,,0,0,0,0.0,0,0,0,,,0,0,0,0,0,0,32,45%,0,0%,0,0%,
40,2017,2017-11-06,8,9,24.146,DET,@,GNB,W 30-17,*,21,48,2.29,1,1,1,9,9.00,0,100.0%,9.00,0,0,,0,1,6,0.0,0,0,0,,,2,1,0,0,0,0,33,49%,0,0%,0,0%,
41,2017,2017-11-12,9,10,24.152,DET,,CLE,W 38-24,*,11,52,4.73,1,2,1,3,3.00,0,50.0%,1.50,0,0,,0,1,6,0.0,0,0,0,,,0,0,0,0,0,0,31,60%,0,0%,0,0%,
42,2017,2017-11-19,10,11,24.159,DET,@,CHI,W 27-24,*,11,22,2.00,0,2,2,13,6.50,1,100.0%,6.50,1,15,15.00,0,1,6,0.0,0,0,0,,,0,0,0,0,0,0,29,46%,0,0%,1,3%,
43,2017,2017-11-23,11,12,24.163,DET,,MIN,L 23-30,*,6,14,2.33,0,5,3,29,9.67,0,60.0%,5.80,0,0,,0,0,0,0.0,0,0,0,0,0,0,0,0,0,0,0,29,49%,0,0%,0,0%,
44,2017,2017-12-03,,13,,DET,@,BAL,L 20-44,Inactive,,,,,,,,,,,,,,,,,,,,,,,,,,,,,,,,,,,,
45,2017,2017-12-10,,14,,DET,@,TAM,W 24-21,Inactive,,,,,,,,,,,,,,,,,,,,,,,,,,,,,,,,,,,,
46,2017,2017-12-16,14,15,24.186,DET,,CHI,W 20-10,,1,8,8.00,0,4,3,13,4.33,0,75.0%,3.25,1,25,25.00,0,0,0,0.0,0,0,0,,,0,0,0,0,0,0,8,13%,0,0%,2,9%,
47,2017,2017-12-24,15,16,24.194,DET,@,CIN,L 17-26,,6,21,3.50,0,2,1,5,5.00,0,50.0%,2.50,5,114,22.80,0,0,0,0.0,0,0,0,,,0,0,0,0,0,0,11,18%,0,0%,6,20%,
48,2017,2017-12-31,16,17,24.201,DET,,GNB,W 35-11,,8,18,2.25,1,2,1,11,11.00,0,50.0%,5.50,1,25,25.00,0,1,6,0.0,0,0,0,,,0,0,0,0,0,0,20,34%,0,0%,2,7%,
49,2018,2018-09-10,,1,,DET,,NYJ,L 17-48,Inactive,,,,,,,,,,,,,,,,,,,,,,,,,,,,,,,,,,,,
50,2018,2018-09-16,,2,,DET,@,SFO,L 27-30,Inactive,,,,,,,,,,,,,,,,,,,,,,,,,,,,,,,,,,,,
51,2018,2018-09-23,,3,,DET,,NWE,W 26-10,Inactive,,,,,,,,,,,,,,,,,,,,,,,,,,,,,,,,,,,,
52,2018,2018-09-30,,4,,DET,@,DAL,L 24-26,Inactive,,,,,,,,,,,,,,,,,,,,,,,,,,,,,,,,,,,,
53,2018,2018-10-07,5,5,25.116,DET,,GNB,W 31-23,,0,0,,0,0,0,0,,0,0.0%,,1,30,30.00,0,0,0,0.0,0,0,0,,,0,0,0,0,0,0,0,0%,0,0%,4,14%,
54,2018,2018-10-21,6,7,25.130,DET,@,MIA,W 32-21,,1,1,1.00,0,1,1,12,12.00,0,100.0%,12.00,0,0,,0,0,0,0.0,0,0,0,,,0,0,0,0,0,0,7,11%,0,0%,3,11%,
55,2018,2018-10-28,7,8,25.137,DET,,SEA,L 14-28,,0,0,,0,1,1,6,6.00,0,100.0%,6.00,3,77,25.67,0,0,0,0.0,0,0,0,,,1,1,0,0,0,0,4,7%,0,0%,6,25%,
56,2018,2018-11-04,,9,,DET,@,MIN,L 9-24,Inactive,,,,,,,,,,,,,,,,,,,,,,,,,,,,,,,,,,,,
57,2018,2018-11-18,10,11,25.158,MIN,@,CHI,L 20-25,,0,0,,0,1,1,10,10.00,0,100.0%,10.00,2,57,28.50,0,0,0,0.0,0,0,0,,,0,0,0,0,0,0,1,1%,0,0%,7,32%,
58,2018,2018-11-25,11,12,25.165,MIN,,GNB,W 24-17,,0,0,,0,1,0,0,,0,0.0%,0.00,0,0,,0,0,0,0.0,0,0,0,,,0,0,0,0,0,0,2,3%,0,0%,8,29%,
59,2018,2018-12-02,12,13,25.172,MIN,@,NWE,L 10-24,,0,0,,0,0,0,0,,0,0.0%,,2,61,30.50,0,0,0,0.0,0,0,0,,,0,0,0,0,0,0,2,3%,0,0%,12,48%,
60,2018,2018-12-10,13,14,25.180,MIN,@,SEA,L 7-21,,0,0,,0,0,0,0,,0,0.0%,,3,64,21.33,0,0,0,0.0,0,0,0,,,0,0,0,0,0,0,0,0%,0,0%,10,45%,
61,2018,2018-12-16,14,15,25.186,MIN,,MIA,W 41-17,,0,0,,0,0,0,0,,0,0.0%,,1,24,24.00,0,0,0,0.0,0,0,0,,,0,0,0,0,0,0,1,1%,0,0%,18,56%,
62,2018,2018-12-23,15,16,25.193,MIN,@,DET,W 27-9,,0,0,,0,0,0,0,,0,0.0%,,2,52,26.00,0,0,0,0.0,1,0,1,0,0,0,0,0,0,0,0,0,0%,0,0%,15,52%,
63,2018,2018-12-30,16,17,25.200,MIN,,CHI,L 10-24,,0,0,,0,0,0,0,,0,0.0%,,0,0,,0,0,0,0.0,0,0,0,,,0,0,0,0,0,0,0,0%,0,0%,16,73%,
64,2019,2019-09-08,1,1,26.087,MIN,,ATL,W 28-12,,2,8,4.00,0,0,0,0,,0,0.0%,,0,0,,0,0,0,0.0,0,0,0,0,0,0,0,0,0,0,0,4,7%,0,0%,14,64%,
65,2019,2019-09-15,2,2,26.094,MIN,@,GNB,L 16-21,,1,2,2.00,0,0,0,0,,0,0.0%,,0,0,,0,0,0,0.0,1,0,1,0,0,0,0,0,0,0,0,7,11%,0,0%,19,66%,
66,2019,2019-09-22,3,3,26.101,MIN,,OAK,W 34-14,,0,0,,0,1,0,0,,0,0.0%,0.00,1,25,25.00,0,0,0,0.0,1,0,1,0,0,0,0,0,0,0,0,1,2%,0,0%,14,56%,
67,2019,2019-09-29,4,4,26.108,MIN,@,CHI,L 6-16,,0,0,,0,3,2,14,7.00,0,66.7%,4.67,0,0,,0,0,0,0.0,0,0,0,0,0,0,0,0,0,0,0,7,12%,0,0%,15,75%,
68,2019,2019-10-06,5,5,26.115,MIN,@,NYG,W 28-10,,3,24,8.00,0,0,0,0,,0,0.0%,,1,33,33.00,0,0,0,0.0,0,0,0,0,0,0,0,0,0,0,0,10,15%,0,0%,15,63%,
69,2019,2019-10-13,6,6,26.122,MIN,,PHI,W 38-20,,,,,,,,,,,0.0%,,,,,,0,0,,,,,,,0,,,0,0,0,6,8%,0,0%,18,62%,
70,2019,2019-10-20,7,7,26.129,MIN,@,DET,W 42-30,,0,0,,0,0,0,0,,0,0.0%,,3,88,29.33,0,0,0,0.0,1,1,2,0,0,0,0,0,0,0,0,1,1%,0,0%,18,60%,
71,2019,2019-10-24,8,8,26.133,MIN,,WAS,W 19-9,,0,0,,0,0,0,0,,0,0.0%,,0,0,,0,0,0,0.0,1,0,1,0,0,0,0,0,0,0,0,3,4%,0,0%,12,60%,
72,2019,2019-11-03,9,9,26.143,MIN,@,KAN,L 23-26,,1,2,2.00,0,1,1,16,16.00,1,100.0%,16.00,0,0,,0,1,6,0.0,2,0,2,0,0,0,0,0,0,0,0,8,11%,0,0%,24,71%,
73,2019,2019-11-10,10,10,26.150,MIN,@,DAL,W 28-24,,0,0,,0,0,0,0,,0,0.0%,,1,29,29.00,0,0,0,0.0,0,0,0,0,0,0,0,0,0,0,0,5,7%,0,0%,14,56%,
74,2019,2019-11-17,11,11,26.157,MIN,,DEN,W 27-23,,1,5,5.00,0,2,2,11,5.50,0,100.0%,5.50,2,42,21.00,0,0,0,0.0,0,0,0,0,0,1,1,0,0,0,0,8,13%,0,0%,18,64%,
75,2019,2019-12-02,12,13,26.172,MIN,@,SEA,L 30-37,,0,0,,0,0,0,0,,0,0.0%,,2,41,20.50,0,0,0,0.0,0,0,0,0,0,0,0,0,0,0,0,3,6%,0,0%,18,55%,
76,2019,2019-12-08,13,14,26.178,MIN,,DET,W 20-7,,0,0,,0,1,1,2,2.00,0,100.0%,2.00,1,14,14.00,0,0,0,0.0,0,0,0,0,0,0,0,0,0,0,0,6,8%,0,0%,15,58%,
77,2019,2019-12-15,14,15,26.185,MIN,@,LAC,W 39-10,,5,25,5.00,0,2,0,0,,0,0.0%,0.00,1,25,25.00,0,0,0,0.0,0,0,0,0,0,0,0,0,0,0,0,15,23%,0,0%,13,52%,
78,2019,2019-12-23,15,16,26.193,MIN,,GNB,L 10-23,,4,27,6.75,0,7,6,31,5.17,0,85.7%,4.43,0,0,,0,0,0,0.0,0,0,0,0,0,0,0,0,0,0,0,32,59%,0,0%,11,41%,
79,2019,2019-12-29,16,17,26.199,MIN,,CHI,L 19-21,,6,22,3.67,0,4,3,14,4.67,0,75.0%,3.50,1,28,28.00,0,0,0,0.0,0,0,0,0,0,0,0,0,0,0,0,19,39%,0,0%,14,56%,
80,2020,2020-09-13,1,1,27.092,MIN,,GNB,L 34-43,,,,,,,,,,,0.0%,,,,,,0,0,,,,,,,0,,,0,0,0,2,4%,0,0%,17,65%,
81,2020,2020-09-20,2,2,27.099,MIN,@,IND,L 11-28,,,,,,,,,,,0.0%,,,,,,0,0,,,,,,,0,,,0,0,0,1,2%,0,0%,17,68%,
82,2020,2020-09-27,3,3,27.106,MIN,,TEN,L 30-31,,0,0,,0,0,0,0,,0,0.0%,,2,47,23.50,0,0,0,0.0,1,0,1,0,0,0,0,0,0,0,0,0,0%,0,0%,21,58%,
83,2020,2020-10-04,4,4,27.113,MIN,@,HOU,W 31-23,,,,,,,,,,,0.0%,,,,,,0,0,,,,,,,0,,,0,0,0,0,0%,0,0%,20,63%,
84,2020,2020-10-11,5,5,27.120,MIN,@,SEA,L 26-27,,0,0,,0,0,0,0,,0,0.0%,,2,37,18.50,0,0,0,0.0,0,0,0,0,0,0,0,0,0,0,0,1,1%,0,0%,15,60%,
85,2020,2020-10-18,6,6,27.127,MIN,,ATL,L 23-40,,2,7,3.50,0,1,1,1,1.00,0,100.0%,1.00,3,73,24.33,0,0,0,0.0,0,0,0,0,0,0,0,0,0,0,0,16,29%,0,0%,20,69%,
86,2020,2020-11-01,7,8,27.141,MIN,@,GNB,W 28-22,,0,0,,0,0,0,0,,0,0.0%,,1,9,9.00,0,0,0,0.0,0,0,0,0,0,0,0,0,0,0,0,0,0%,0,0%,13,68%,
87,2020,2020-11-08,8,9,27.148,MIN,,DET,W 34-20,,0,0,,0,1,1,22,22.00,1,100.0%,22.00,0,0,,0,1,6,0.0,0,0,0,0,0,0,0,0,0,0,0,1,2%,0,0%,18,60%,
88,2020,2020-11-16,9,10,27.156,MIN,@,CHI,W 19-13,,,,,,,,,,,0.0%,,,,,,0,0,,,,,,,0,,,0,0,0,3,4%,0,0%,14,56%,
89,2020,2020-11-22,10,11,27.162,MIN,,DAL,L 28-31,,,,,,,,,,,0.0%,,,,,,0,0,,,,,,,0,,,0,0,0,0,0%,0,0%,11,42%,
90,2020,2020-11-29,11,12,27.169,MIN,,CAR,W 28-27,,0,0,,0,0,0,0,,0,0.0%,,0,0,,0,0,0,0.0,1,0,1,0,0,0,0,0,0,0,0,0,0%,0,0%,15,52%,
91,2020,2020-12-06,12,13,27.176,MIN,,JAX,W 27-24,,2,11,5.50,0,1,1,18,18.00,0,100.0%,18.00,2,49,24.50,0,0,0,0.0,0,0,0,0,0,0,0,0,0,0,0,4,4%,0,0%,16,47%,
92,2020,2020-12-13,13,14,27.183,MIN,@,TAM,L 14-26,,3,11,3.67,0,2,2,10,5.00,0,100.0%,5.00,0,0,,0,0,0,0.0,0,0,0,0,0,0,0,0,0,0,0,15,19%,0,0%,12,55%,
93,2020,2020-12-20,14,15,27.190,MIN,,CHI,L 27-33,,0,0,,0,0,0,0,,0,0.0%,,1,30,30.00,0,0,0,0.0,0,0,0,0,0,0,0,0,0,0,0,1,1%,0,0%,14,48%,
94,2020,2020-12-25,15,16,27.195,MIN,@,NOR,L 33-52,,1,13,13.00,0,1,0,0,,0,0.0%,0.00,0,0,,0,0,0,0.0,0,0,0,0,0,0,0,0,0,0,0,11,17%,0,0%,16,52%,
95,2020,2021-01-03,16,17,27.204,MIN,@,DET,W 37-35,,0,0,,0,3,3,7,2.33,1,100.0%,2.33,4,107,26.75,0,1,6,0.0,0,0,0,0,0,0,0,0,0,0,0,16,20%,0,0%,16,53%,
96,2021,2021-09-12,1,1,28.091,MIN,@,CIN,L 24-27,,1,4,4.00,0,2,2,15,7.50,0,100.0%,7.50,0,0,,0,0,0,0.0,0,0,0,0,0,0,0,0,0,0,0,9,11%,0,0%,5,15%,
97,2021,2021-09-19,2,2,28.098,MIN,@,ARI,L 33-34,,0,0,,0,1,0,0,,0,0.0%,0.00,0,0,,0,0,0,0.0,0,0,0,0,0,0,0,0,0,0,0,1,2%,0,0%,19,53%,
98,2021,2021-09-26,3,3,28.105,MIN,,SEA,W 30-17,,5,24,4.80,0,0,0,0,,0,0.0%,,0,0,,0,0,0,0.0,0,0,0,0,0,0,0,0,0,0,0,22,29%,0,0%,1,4%,
99,2021,2021-10-03,4,4,28.112,MIN,,CLE,L 7-14,,0,0,,0,1,1,2,2.00,0,100.0%,2.00,1,26,26.00,0,0,0,0.0,0,0,0,0,0,0,0,0,0,0,0,5,7%,0,0%,7,32%,
100,2021,2021-10-10,5,5,28.119,MIN,,DET,W 19-17,,1,2,2.00,0,0,0,0,,0,0.0%,,4,68,17.00,0,0,0,0.0,0,0,0,0,0,0,0,0,0,0,0,12,18%,0,0%,5,19%,
101,2021,2021-10-17,6,6,28.126,MIN,@,CAR,W 34-28,,0,0,,0,0,0,0,,0,0.0%,,2,68,34.00,0,0,0,0.0,0,0,0,0,0,0,0,0,0,0,0,0,0%,0,0%,7,20%,
102,2021,2021-10-24,7,7,28.133,CAR,@,NYG,L 3-25,,0,0,,0,0,0,0,,0,0.0%,,3,39,13.00,0,0,0,0.0,0,0,0,0,0,0,0,0,0,0,0,0,0%,0,0%,6,22%,
103,2021,2021-10-31,8,8,28.140,CAR,@,ATL,W 19-13,,8,31,3.88,0,5,3,35,11.67,0,60.0%,7.00,0,0,,0,0,0,0.0,0,0,0,0,0,0,0,0,0,0,0,22,30%,0,0%,3,12%,
104,2021,2021-11-07,9,9,28.147,CAR,,NWE,L 6-24,,1,0,0.00,0,5,4,30,7.50,0,80.0%,6.00,2,43,21.50,0,0,0,0.0,0,0,0,0,0,0,0,0,0,0,0,22,37%,0,0%,5,23%,
105,2021,2021-11-14,10,10,28.154,CAR,@,ARI,W 34-10,,9,24,2.67,0,4,4,27,6.75,0,100.0%,6.75,1,26,26.00,0,0,0,0.0,0,0,0,0,0,0,0,0,0,0,0,16,21%,0,0%,3,12%,
106,2021,2021-11-21,11,11,28.161,CAR,,WAS,L 21-27,*,1,6,6.00,0,0,0,0,,0,0.0%,,1,21,21.00,0,0,0,0.0,0,0,0,0,0,0,0,0,0,0,0,8,16%,0,0%,6,23%,
107,2021,2021-11-28,12,12,28.168,CAR,@,MIA,L 10-33,,2,4,2.00,0,6,2,20,10.00,0,33.3%,3.33,0,0,,0,0,0,0.0,0,0,0,0,0,0,0,0,0,0,0,27,49%,0,0%,7,25%,
108,2021,2021-12-12,13,14,28.182,CAR,,ATL,L 21-29,,4,16,4.00,0,4,2,17,8.50,0,50.0%,4.25,3,75,25.00,0,0,0,0.0,0,0,0,0,0,0,0,0,0,0,0,38,59%,0,0%,7,30%,
109,2021,2021-12-19,14,15,28.189,CAR,@,BUF,L 14-31,,4,7,1.75,0,4,4,48,12.00,1,100.0%,12.00,4,70,17.50,0,1,6,0.0,0,0,0,0,0,0,0,0,0,0,0,40,53%,0,0%,5,23%,
110,2021,2021-12-26,15,16,28.196,CAR,,TAM,L 6-32,,2,1,0.50,0,6,3,8,2.67,0,50.0%,1.33,3,76,25.33,0,0,0,0.0,0,0,0,0,0,0,0,0,0,0,0,23,33%,0,0%,8,30%,
111,2021,2022-01-02,16,17,28.203,CAR,@,NOR,L 10-18,,6,21,3.50,0,4,4,31,7.75,0,100.0%,7.75,1,18,18.00,0,0,0,0.0,0,0,0,0,0,0,0,0,0,0,0,29,48%,0,0%,5,19%,
112,2021,2022-01-09,17,18,28.210,CAR,@,TAM,L 17-41,,7,26,3.71,0,11,9,56,6.22,0,81.8%,5.09,4,116,29.00,0,0,0,0.0,0,0,0,0,0,0,0,0,0,0,0,40,56%,0,0%,8,29%,
113,2022,2022-09-11,1,1,29.090,LVR,@,LAC,L 19-24,,0,0,,0,1,0,0,,0,0.0%,0.00,0,0,,0,0,0,0.0,0,0,0,0,0,0,0,0,0,0,0,7,12%,0,0%,10,42%,
114,2022,2022-09-18,2,2,29.097,LVR,,ARI,L 23-29,,0,0,,0,1,1,23,23.00,0,100.0%,23.00,0,0,,0,0,0,0.0,0,0,0,0,0,0,0,0,0,0,0,14,21%,0,0%,3,14%,
115,2022,2022-09-25,3,3,29.104,LVR,@,TEN,L 22-24,,0,0,,0,0,0,0,,0,0.0%,,1,23,23.00,0,0,0,0.0,0,0,0,0,0,0,0,0,0,0,0,0,0%,0,0%,4,17%,
116,2022,2022-10-02,4,4,29.111,LVR,,DEN,W 32-23,,0,0,,0,0,0,0,,0,0.0%,,1,17,17.00,0,0,0,0.0,0,0,0,0,0,0,0,0,0,0,0,1,1%,0,0%,16,50%,
117,2022,2022-10-10,5,5,29.119,LVR,@,KAN,L 29-30,,0,0,,0,0,0,0,,0,0.0%,,1,16,16.00,0,0,0,0.0,0,0,0,0,0,0,0,0,0,0,0,0,0%,0,0%,12,43%,
118,2022,2022-10-23,6,7,29.132,LVR,,HOU,W 38-20,,0,0,,0,2,2,7,3.50,0,100.0%,3.50,1,17,17.00,0,0,0,0.0,3,0,3,0,0,0,0,0,0,0,0,7,13%,0,0%,13,48%,
119,2022,2022-10-30,7,8,29.139,LVR,@,NOR,L 0-24,,0,0,,0,5,4,28,7.00,0,80.0%,5.60,1,20,20.00,0,0,0,0.0,0,1,1,0,0,0,0,0,0,0,0,20,34%,0,0%,13,68%,
120,2022,2022-11-06,8,9,29.146,LVR,@,JAX,L 20-27,,0,0,,0,3,1,8,8.00,0,33.3%,2.67,2,21,10.50,0,0,0,0.0,0,0,0,0,0,0,0,0,0,0,0,14,24%,0,0%,14,52%,
121,2022,2022-11-13,9,10,29.153,LVR,,IND,L 20-25,,0,0,,0,4,4,33,8.25,0,100.0%,8.25,3,86,28.67,0,0,0,0.0,0,2,2,0,0,0,0,0,0,0,0,15,21%,0,0%,14,61%,
122,2022,2022-11-20,10,11,29.160,LVR,@,DEN,W 22-16,,0,0,,0,4,3,5,1.67,0,75.0%,1.25,3,69,23.00,0,0,0,0.0,0,0,0,0,0,0,0,0,0,0,0,11,17%,0,0%,15,52%,
123,2022,2022-11-27,11,12,29.167,LVR,@,SEA,W 40-34,,3,16,5.33,0,3,3,39,13.00,1,100.0%,13.00,3,73,24.33,0,1,6,0.0,0,1,1,0,0,0,0,0,0,0,0,14,18%,0,0%,17,50%,
124,2022,2022-12-04,12,13,29.174,LVR,,LAC,W 27-20,,1,4,4.00,0,1,0,0,,0,0.0%,0.00,0,0,,0,0,0,0.0,0,0,0,0,0,0,0,0,0,0,0,12,20%,0,0%,14,47%,
125,2022,2022-12-08,13,14,29.178,LVR,@,LAR,L 16-17,,0,0,,0,2,2,17,8.50,0,100.0%,8.50,1,15,15.00,0,0,0,0.0,0,0,0,0,0,0,0,0,0,0,0,8,13%,0,0%,12,48%,
126,2022,2022-12-18,14,15,29.188,LVR,,NWE,W 30-24,,0,0,,0,2,2,14,7.00,0,100.0%,7.00,5,111,22.20,0,0,0,0.0,1,0,1,0,0,0,0,0,0,0,0,15,22%,0,0%,21,66%,
127,2022,2022-12-24,15,16,29.194,LVR,@,PIT,L 10-13,,0,0,,0,2,2,27,13.50,0,100.0%,13.50,3,50,16.67,0,0,0,0.0,0,0,0,0,0,0,0,0,0,0,0,10,19%,0,0%,14,64%,
128,2022,2023-01-01,16,17,29.202,LVR,,SFO,L 34-37,,,,,,,,,,,0.0%,,,,,,0,0,,,,,,,,,,,,,9,13%,0,0%,19,58%,
129,2022,2023-01-07,17,18,29.208,LVR,,KAN,L 13-31,,0,0,,0,2,1,10,10.00,0,50.0%,5.00,1,25,25.00,0,0,0,0.0,0,0,0,0,0,0,0,0,0,0,0,18,26%,0,0%,14,61%,
130,2023,2023-09-10,1,1,30.089,LVR,@,DEN,W 17-16,,0,0,,0,1,0,0,,0,0.0%,0.00,0,0,,0,0,0,0.0,0,0,0,0,0,0,0,0,0,0,0,7,12%,0,0%,10,53%,
131,2023,2023-09-17,2,2,30.096,LVR,@,BUF,L 10-38,,0,0,,0,3,1,5,5.00,0,33.3%,1.67,0,0,,0,0,0,0.0,0,0,0,0,0,0,0,0,0,0,0,6,15%,0,0%,13,59%,
132,2023,2023-09-24,3,3,30.103,LVR,,PIT,L 18-23,,0,0,,0,3,2,16,8.00,0,66.7%,5.33,0,0,,0,0,0,0.0,0,0,0,0,0,0,0,0,0,0,0,12,17%,0,0%,18,62%,
133,2023,2023-10-01,4,4,30.110,LVR,@,LAC,L 17-24,,0,0,,0,2,2,14,7.00,0,100.0%,7.00,0,0,,0,0,0,0.0,1,0,1,0,0,0,0,0,0,0,0,15,21%,0,0%,14,56%,
1,2016,2017-01-07,,18,,DET,@,SEA,L 6-26,Injured Reserve,,,,,,,,,,,,,,,,,,,,,,,,,,,,,,,,,,,,
2,2019,2020-01-05,17,18,26.206,MIN,@,NOR,W 26-20,,1,9,9.00,0,0,0,0,,0,0.0%,,1,3,3.00,0,0.0,1,1,2,0,0,3,4%,0,0%,20,63%,,,,,,,,,
3,2019,2020-01-11,18,19,26.212,MIN,@,SFO,L 10-27,,0,0,,0,1,1,7,7.00,0,100.0%,7.00,5,148,29.60,0,0.0,0,0,0,0,0,6,13%,0,0%,18,69%,,,,,,,,,
1,2023,2023-09-10,1,1,23.151,JAX,@,IND,W 31-21,,,,,,,,0,0%,6,8%,0,0%,,,,,,,,,,,,,,,,,,,,,,,,
2,2023,2023-09-17,2,2,23.158,JAX,,KAN,L 9-17,,0.0,0,0,0,0,0,0,0%,16,24%,0,0%,,,,,,,,,,,,,,,,,,,,,,,,
3,2023,2023-09-24,3,3,23.165,JAX,,HOU,L 17-37,,0.0,0,0,0,0,0,0,0%,11,20%,0,0%,,,,,,,,,,,,,,,,,,,,,,,,
4,2023,2023-10-01,4,4,23.172,JAX,,ATL,W 23-7,,0.0,1,0,1,0,0,0,0%,8,14%,0,0%,,,,,,,,,,,,,,,,,,,,,,,,
